"","xmean","xmeanhat","alphaMAP","betaMAP","PSEmap","JNDmap","NSub","model","cond","Exp"
"1",1000,1000,-1.07499793656537,0.00790885213737359,1135.92338279855,209.667350938009,1,"model1","PS","exp1"
"2",1000,1000,-0.716802415454037,0.00693880925587312,1103.30337512122,238.978766450451,2,"model1","PS","exp1"
"3",1000,1000,0.868885273121161,0.00562292585419329,845.474527736625,294.904844844595,3,"model1","PS","exp1"
"4",1000,1000,2.05290425521302,0.00763899055764687,731.259746988691,217.074240907864,4,"model1","PS","exp1"
"5",1000,1000,1.9130885882954,0.00636937833192314,699.642808355871,260.343787131083,5,"model1","PS","exp1"
"6",1000,1000,0.195588223664343,0.00659460229582712,970.341164653992,251.452324524985,6,"model1","PS","exp1"
"7",1000,1000,0.446908948108137,0.00752441215122296,940.605466696093,220.379751039291,7,"model1","PS","exp1"
"8",1000,1000,0.466002694419507,0.00749589727497444,937.832299813488,221.218089812895,8,"model1","PS","exp1"
"9",1000,1000,1.01038113227501,0.00981511087484052,897.058612464077,168.946443677385,9,"model1","PS","exp1"
"10",1000,1000,1.61568728306939,0.00911182417723564,822.682346405902,181.986399687818,10,"model1","PS","exp1"
"11",1000,1000,3.72055545031428,0.00981444328230221,620.910188861825,168.95793565731,11,"model1","PS","exp1"
"12",1000,1000,2.4685230216312,0.0107742325035363,770.886416195216,153.906839866252,12,"model1","PS","exp1"
"13",1000,1000,0.265372210434116,0.0105552771630132,974.858811726516,157.099434812961,13,"model1","PS","exp1"
"14",1000,1000,1.74046142400834,0.00865371191201145,798.876893325677,191.620439120684,14,"model1","PS","exp1"
"15",1000,1000,-0.30438568952392,0.00906750032211347,1033.56886448425,182.875987614746,15,"model1","PS","exp1"
"16",1000,1000,-1.07499793656537,0.00790885213737359,1135.92338279855,209.667350938009,1,"model1","NS","exp1"
"17",1000,1000,-0.716802415454037,0.00693880925587312,1103.30337512122,238.978766450451,2,"model1","NS","exp1"
"18",1000,1000,0.868885273121161,0.00562292585419329,845.474527736625,294.904844844595,3,"model1","NS","exp1"
"19",1000,1000,2.05290425521302,0.00763899055764687,731.259746988691,217.074240907864,4,"model1","NS","exp1"
"20",1000,1000,1.9130885882954,0.00636937833192314,699.642808355871,260.343787131083,5,"model1","NS","exp1"
"21",1000,1000,0.195588223664343,0.00659460229582712,970.341164653992,251.452324524985,6,"model1","NS","exp1"
"22",1000,1000,0.446908948108137,0.00752441215122296,940.605466696093,220.379751039291,7,"model1","NS","exp1"
"23",1000,1000,0.466002694419507,0.00749589727497444,937.832299813488,221.218089812895,8,"model1","NS","exp1"
"24",1000,1000,1.01038113227501,0.00981511087484052,897.058612464077,168.946443677385,9,"model1","NS","exp1"
"25",1000,1000,1.61568728306939,0.00911182417723564,822.682346405902,181.986399687818,10,"model1","NS","exp1"
"26",1000,1000,3.72055545031428,0.00981444328230221,620.910188861825,168.95793565731,11,"model1","NS","exp1"
"27",1000,1000,2.4685230216312,0.0107742325035363,770.886416195216,153.906839866252,12,"model1","NS","exp1"
"28",1000,1000,0.265372210434116,0.0105552771630132,974.858811726516,157.099434812961,13,"model1","NS","exp1"
"29",1000,1000,1.74046142400834,0.00865371191201145,798.876893325677,191.620439120684,14,"model1","NS","exp1"
"30",1000,1000,-0.30438568952392,0.00906750032211347,1033.56886448425,182.875987614746,15,"model1","NS","exp1"
"31",1000,1000,1.75540220047039,0.0108348700394123,837.985855475419,153.04549759911,1,"model1","DF","exp2"
"32",1000,1000,1.83373494075014,0.00764032387422584,759.992511975031,217.036359178105,2,"model1","DF","exp2"
"33",1000,1000,1.87301262573747,0.0110640866977501,830.712405198492,149.874826716672,3,"model1","DF","exp2"
"34",1000,1000,0.567990524415259,0.00900772398430787,936.944057632678,184.08957462421,4,"model1","DF","exp2"
"35",1000,1000,-0.113652408170606,0.0102742377648918,1011.0618822312,161.396700616554,5,"model1","DF","exp2"
"36",1000,1000,-2.0008233642532,0.0060798937931737,1329.08853876685,272.739645298629,6,"model1","DF","exp2"
"37",1000,1000,0.653831435627682,0.00789284054059424,917.161453818189,210.092686919871,7,"model1","DF","exp2"
"38",1000,1000,2.64744713334417,0.0136619796346387,806.21789783438,121.375387824415,8,"model1","DF","exp2"
"39",1000,1000,2.20393268510381,0.0121421270768624,818.488748210885,136.568170148984,9,"model1","DF","exp2"
"40",1000,1000,0.677316220696982,0.00189687340605682,642.930193161929,874.190165410472,10,"model1","DF","exp2"
"41",1000,1000,0.497372535898494,0.00660035949765397,924.644629421279,251.232993777526,11,"model1","DF","exp2"
"42",1000,1000,0.652514035844095,0.0120466284723579,945.834302324393,137.650802497022,12,"model1","DF","exp2"
"43",1000,1000,0.0292695214066495,0.00451794828643488,993.52150145354,367.031221136894,13,"model1","DF","exp2"
"44",1000,1000,1.66146389777982,0.00792280903114591,790.29358258563,209.297998990605,14,"model1","DF","exp2"
"45",1000,1000,-0.0276620621100068,0.00987948923110175,1002.79994860695,167.845527011988,15,"model1","DF","exp2"
"46",1000,1000,1.75540220047039,0.0108348700394123,837.985855475419,153.04549759911,1,"model1","AF","exp2"
"47",1000,1000,1.83373494075014,0.00764032387422584,759.992511975031,217.036359178105,2,"model1","AF","exp2"
"48",1000,1000,1.87301262573747,0.0110640866977501,830.712405198492,149.874826716672,3,"model1","AF","exp2"
"49",1000,1000,0.567990524415259,0.00900772398430787,936.944057632678,184.08957462421,4,"model1","AF","exp2"
"50",1000,1000,-0.113652408170606,0.0102742377648918,1011.0618822312,161.396700616554,5,"model1","AF","exp2"
"51",1000,1000,-2.0008233642532,0.0060798937931737,1329.08853876685,272.739645298629,6,"model1","AF","exp2"
"52",1000,1000,0.653831435627682,0.00789284054059424,917.161453818189,210.092686919871,7,"model1","AF","exp2"
"53",1000,1000,2.64744713334417,0.0136619796346387,806.21789783438,121.375387824415,8,"model1","AF","exp2"
"54",1000,1000,2.20393268510381,0.0121421270768624,818.488748210885,136.568170148984,9,"model1","AF","exp2"
"55",1000,1000,0.677316220696982,0.00189687340605682,642.930193161929,874.190165410472,10,"model1","AF","exp2"
"56",1000,1000,0.497372535898494,0.00660035949765397,924.644629421279,251.232993777526,11,"model1","AF","exp2"
"57",1000,1000,0.652514035844095,0.0120466284723579,945.834302324393,137.650802497022,12,"model1","AF","exp2"
"58",1000,1000,0.0292695214066495,0.00451794828643488,993.52150145354,367.031221136894,13,"model1","AF","exp2"
"59",1000,1000,1.66146389777982,0.00792280903114591,790.29358258563,209.297998990605,14,"model1","AF","exp2"
"60",1000,1000,-0.0276620621100068,0.00987948923110175,1002.79994860695,167.845527011988,15,"model1","AF","exp2"
"61",925,925,-0.041632785335455,0.0171666120549155,927.425218511508,96.596117585631,1,"model1","U-shaped","exp3"
"62",925,925,0.68529110373279,0.00910261356292275,849.714907537748,182.170545320952,2,"model1","U-shaped","exp3"
"63",925,925,0.695978901904087,0.0105035244803253,858.73853669711,157.873490913421,3,"model1","U-shaped","exp3"
"64",925,925,-0.0423196827930358,0.0112462743236341,928.762995777553,147.446881419099,4,"model1","U-shaped","exp3"
"65",925,925,-0.26788619301229,0.00776561368994158,959.496461414153,213.534711204004,5,"model1","U-shaped","exp3"
"66",925,925,1.07591250967912,0.0145726486806828,851.169049068936,113.790438028033,6,"model1","U-shaped","exp3"
"67",925,925,-1.21596554568268,0.00975537300762585,1049.64572546146,169.981001783046,7,"model1","U-shaped","exp3"
"68",925,925,0.21213406684698,0.0127753322206631,908.395025414379,129.799213669096,8,"model1","U-shaped","exp3"
"69",925,925,1.36006541906933,0.0113001810581989,804.642156876545,146.743496238089,9,"model1","U-shaped","exp3"
"70",925,925,0.241580268084011,0.0104841225992138,901.957512104816,158.165651051036,10,"model1","U-shaped","exp3"
"71",925,925,0.928481563711913,0.00738903321537141,799.343295442171,224.417461428366,11,"model1","U-shaped","exp3"
"72",925,925,2.25350984341148,0.0103439400508252,707.142023992907,160.309134474465,12,"model1","U-shaped","exp3"
"73",925,925,3.2106582251314,0.0147496904137949,707.323687137963,112.424602149795,13,"model1","U-shaped","exp3"
"74",925,925,1.42497817157381,0.00677084311756824,714.541989552758,244.907177409109,14,"model1","U-shaped","exp3"
"75",925,925,0.688312366966862,0.0145031227303327,877.540402521225,114.335933539017,15,"model1","U-shaped","exp3"
"76",925,925,-0.041632785335455,0.0171666120549155,927.425218511508,96.596117585631,1,"model1","I T-shaped","exp3"
"77",925,925,0.68529110373279,0.00910261356292275,849.714907537748,182.170545320952,2,"model1","I T-shaped","exp3"
"78",925,925,0.695978901904087,0.0105035244803253,858.73853669711,157.873490913421,3,"model1","I T-shaped","exp3"
"79",925,925,-0.0423196827930358,0.0112462743236341,928.762995777553,147.446881419099,4,"model1","I T-shaped","exp3"
"80",925,925,-0.26788619301229,0.00776561368994158,959.496461414153,213.534711204004,5,"model1","I T-shaped","exp3"
"81",925,925,1.07591250967912,0.0145726486806828,851.169049068936,113.790438028033,6,"model1","I T-shaped","exp3"
"82",925,925,-1.21596554568268,0.00975537300762585,1049.64572546146,169.981001783046,7,"model1","I T-shaped","exp3"
"83",925,925,0.21213406684698,0.0127753322206631,908.395025414379,129.799213669096,8,"model1","I T-shaped","exp3"
"84",925,925,1.36006541906933,0.0113001810581989,804.642156876545,146.743496238089,9,"model1","I T-shaped","exp3"
"85",925,925,0.241580268084011,0.0104841225992138,901.957512104816,158.165651051036,10,"model1","I T-shaped","exp3"
"86",925,925,0.928481563711913,0.00738903321537141,799.343295442171,224.417461428366,11,"model1","I T-shaped","exp3"
"87",925,925,2.25350984341148,0.0103439400508252,707.142023992907,160.309134474465,12,"model1","I T-shaped","exp3"
"88",925,925,3.2106582251314,0.0147496904137949,707.323687137963,112.424602149795,13,"model1","I T-shaped","exp3"
"89",925,925,1.42497817157381,0.00677084311756824,714.541989552758,244.907177409109,14,"model1","I T-shaped","exp3"
"90",925,925,0.688312366966862,0.0145031227303327,877.540402521225,114.335933539017,15,"model1","I T-shaped","exp3"
"91",888.285714285714,888.285714285714,-0.999549328833909,0.00852331587664619,1005.55806970465,194.551991337909,1,"model2","PS","exp1"
"92",888.285714285714,888.285714285714,-0.697673521836508,0.00765898629389851,979.37786343766,216.507513262499,2,"model2","PS","exp1"
"93",888.285714285714,888.285714285714,0.817415132507306,0.00593408079424359,750.5364720947,279.441439053562,3,"model2","PS","exp1"
"94",888.285714285714,888.285714285714,2.14713412911185,0.00903812607716957,650.721631777998,183.470341356738,4,"model2","PS","exp1"
"95",888.285714285714,888.285714285714,1.80704989282669,0.00678921218134391,622.120827321025,244.244550370687,5,"model2","PS","exp1"
"96",888.285714285714,888.285714285714,0.180166212599575,0.00652394009737237,860.669548301582,254.175858737791,6,"model2","PS","exp1"
"97",888.285714285714,888.285714285714,0.423879689635945,0.00786919941477964,834.420045455435,210.723860103114,7,"model2","PS","exp1"
"98",888.285714285714,888.285714285714,0.48323414245666,0.00878700130884586,833.291510293712,188.713762331433,8,"model2","PS","exp1"
"99",888.285714285714,888.285714285714,0.822024621475956,0.00872037779007009,794.020919655831,190.15553184998,9,"model2","PS","exp1"
"100",888.285714285714,888.285714285714,1.67540304698663,0.0106561853616965,731.062187280558,155.611789802757,10,"model2","PS","exp1"
"101",888.285714285714,888.285714285714,3.04997947099076,0.00879017082118926,541.309582304457,188.645716941731,11,"model2","PS","exp1"
"102",888.285714285714,888.285714285714,2.75963211345829,0.0138249832389917,688.673746173154,119.944310089773,12,"model2","PS","exp1"
"103",888.285714285714,888.285714285714,0.282028183218158,0.0116379517463745,864.05222463355,142.484529300451,13,"model2","PS","exp1"
"104",888.285714285714,888.285714285714,1.58655222119597,0.00915953904051688,715.072606707056,181.038376414842,14,"model2","PS","exp1"
"105",888.285714285714,888.285714285714,-0.327694259953952,0.0113301667172036,917.207994789882,146.355134747108,15,"model2","PS","exp1"
"106",1112,1112,-0.999549328833909,0.00852331587664619,1229.27235541894,194.551991337909,1,"model2","NS","exp1"
"107",1112,1112,-0.697673521836508,0.00765898629389851,1203.09214915195,216.507513262499,2,"model2","NS","exp1"
"108",1112,1112,0.817415132507306,0.00593408079424359,974.250757808986,279.441439053562,3,"model2","NS","exp1"
"109",1112,1112,2.14713412911185,0.00903812607716957,874.435917492284,183.470341356738,4,"model2","NS","exp1"
"110",1112,1112,1.80704989282669,0.00678921218134391,845.835113035311,244.244550370687,5,"model2","NS","exp1"
"111",1112,1112,0.180166212599575,0.00652394009737237,1084.38383401587,254.175858737791,6,"model2","NS","exp1"
"112",1112,1112,0.423879689635945,0.00786919941477964,1058.13433116972,210.723860103114,7,"model2","NS","exp1"
"113",1112,1112,0.48323414245666,0.00878700130884586,1057.005796008,188.713762331433,8,"model2","NS","exp1"
"114",1112,1112,0.822024621475956,0.00872037779007009,1017.73520537012,190.15553184998,9,"model2","NS","exp1"
"115",1112,1112,1.67540304698663,0.0106561853616965,954.776472994844,155.611789802757,10,"model2","NS","exp1"
"116",1112,1112,3.04997947099076,0.00879017082118926,765.023868018743,188.645716941731,11,"model2","NS","exp1"
"117",1112,1112,2.75963211345829,0.0138249832389917,912.38803188744,119.944310089773,12,"model2","NS","exp1"
"118",1112,1112,0.282028183218158,0.0116379517463745,1087.76651034784,142.484529300451,13,"model2","NS","exp1"
"119",1112,1112,1.58655222119597,0.00915953904051688,938.786892421341,181.038376414842,14,"model2","NS","exp1"
"120",1112,1112,-0.327694259953952,0.0113301667172036,1140.92228050417,146.355134747108,15,"model2","NS","exp1"
"121",1000,1000,1.75540220047039,0.0108348700394123,837.985855475419,153.04549759911,1,"model2","DF","exp2"
"122",1000,1000,1.83373494075014,0.00764032387422584,759.992511975031,217.036359178105,2,"model2","DF","exp2"
"123",1000,1000,1.87301262573747,0.0110640866977501,830.712405198492,149.874826716672,3,"model2","DF","exp2"
"124",1000,1000,0.567990524415259,0.00900772398430787,936.944057632678,184.08957462421,4,"model2","DF","exp2"
"125",1000,1000,-0.113652408170606,0.0102742377648918,1011.0618822312,161.396700616554,5,"model2","DF","exp2"
"126",1000,1000,-2.0008233642532,0.0060798937931737,1329.08853876685,272.739645298629,6,"model2","DF","exp2"
"127",1000,1000,0.653831435627682,0.00789284054059424,917.161453818189,210.092686919871,7,"model2","DF","exp2"
"128",1000,1000,2.64744713334417,0.0136619796346387,806.21789783438,121.375387824415,8,"model2","DF","exp2"
"129",1000,1000,2.20393268510381,0.0121421270768624,818.488748210885,136.568170148984,9,"model2","DF","exp2"
"130",1000,1000,0.677316220696982,0.00189687340605682,642.930193161929,874.190165410472,10,"model2","DF","exp2"
"131",1000,1000,0.497372535898494,0.00660035949765397,924.644629421279,251.232993777526,11,"model2","DF","exp2"
"132",1000,1000,0.652514035844095,0.0120466284723579,945.834302324393,137.650802497022,12,"model2","DF","exp2"
"133",1000,1000,0.0292695214066495,0.00451794828643488,993.52150145354,367.031221136894,13,"model2","DF","exp2"
"134",1000,1000,1.66146389777982,0.00792280903114591,790.29358258563,209.297998990605,14,"model2","DF","exp2"
"135",1000,1000,-0.0276620621100068,0.00987948923110175,1002.79994860695,167.845527011988,15,"model2","DF","exp2"
"136",1000,1000,1.75540220047039,0.0108348700394123,837.985855475419,153.04549759911,1,"model2","AF","exp2"
"137",1000,1000,1.83373494075014,0.00764032387422584,759.992511975031,217.036359178105,2,"model2","AF","exp2"
"138",1000,1000,1.87301262573747,0.0110640866977501,830.712405198492,149.874826716672,3,"model2","AF","exp2"
"139",1000,1000,0.567990524415259,0.00900772398430787,936.944057632678,184.08957462421,4,"model2","AF","exp2"
"140",1000,1000,-0.113652408170606,0.0102742377648918,1011.0618822312,161.396700616554,5,"model2","AF","exp2"
"141",1000,1000,-2.0008233642532,0.0060798937931737,1329.08853876685,272.739645298629,6,"model2","AF","exp2"
"142",1000,1000,0.653831435627682,0.00789284054059424,917.161453818189,210.092686919871,7,"model2","AF","exp2"
"143",1000,1000,2.64744713334417,0.0136619796346387,806.21789783438,121.375387824415,8,"model2","AF","exp2"
"144",1000,1000,2.20393268510381,0.0121421270768624,818.488748210885,136.568170148984,9,"model2","AF","exp2"
"145",1000,1000,0.677316220696982,0.00189687340605682,642.930193161929,874.190165410472,10,"model2","AF","exp2"
"146",1000,1000,0.497372535898494,0.00660035949765397,924.644629421279,251.232993777526,11,"model2","AF","exp2"
"147",1000,1000,0.652514035844095,0.0120466284723579,945.834302324393,137.650802497022,12,"model2","AF","exp2"
"148",1000,1000,0.0292695214066495,0.00451794828643488,993.52150145354,367.031221136894,13,"model2","AF","exp2"
"149",1000,1000,1.66146389777982,0.00792280903114591,790.29358258563,209.297998990605,14,"model2","AF","exp2"
"150",1000,1000,-0.0276620621100068,0.00987948923110175,1002.79994860695,167.845527011988,15,"model2","AF","exp2"
"151",925,925,-0.041632785335455,0.0171666120549155,927.425218511508,96.596117585631,1,"model2","U-shaped","exp3"
"152",925,925,0.68529110373279,0.00910261356292275,849.714907537748,182.170545320952,2,"model2","U-shaped","exp3"
"153",925,925,0.695978901904087,0.0105035244803253,858.73853669711,157.873490913421,3,"model2","U-shaped","exp3"
"154",925,925,-0.0423196827930358,0.0112462743236341,928.762995777553,147.446881419099,4,"model2","U-shaped","exp3"
"155",925,925,-0.26788619301229,0.00776561368994158,959.496461414153,213.534711204004,5,"model2","U-shaped","exp3"
"156",925,925,1.07591250967912,0.0145726486806828,851.169049068936,113.790438028033,6,"model2","U-shaped","exp3"
"157",925,925,-1.21596554568268,0.00975537300762585,1049.64572546146,169.981001783046,7,"model2","U-shaped","exp3"
"158",925,925,0.21213406684698,0.0127753322206631,908.395025414379,129.799213669096,8,"model2","U-shaped","exp3"
"159",925,925,1.36006541906933,0.0113001810581989,804.642156876545,146.743496238089,9,"model2","U-shaped","exp3"
"160",925,925,0.241580268084011,0.0104841225992138,901.957512104816,158.165651051036,10,"model2","U-shaped","exp3"
"161",925,925,0.928481563711913,0.00738903321537141,799.343295442171,224.417461428366,11,"model2","U-shaped","exp3"
"162",925,925,2.25350984341148,0.0103439400508252,707.142023992907,160.309134474465,12,"model2","U-shaped","exp3"
"163",925,925,3.2106582251314,0.0147496904137949,707.323687137963,112.424602149795,13,"model2","U-shaped","exp3"
"164",925,925,1.42497817157381,0.00677084311756824,714.541989552758,244.907177409109,14,"model2","U-shaped","exp3"
"165",925,925,0.688312366966862,0.0145031227303327,877.540402521225,114.335933539017,15,"model2","U-shaped","exp3"
"166",925,925,-0.041632785335455,0.0171666120549155,927.425218511508,96.596117585631,1,"model2","I T-shaped","exp3"
"167",925,925,0.68529110373279,0.00910261356292275,849.714907537748,182.170545320952,2,"model2","I T-shaped","exp3"
"168",925,925,0.695978901904087,0.0105035244803253,858.73853669711,157.873490913421,3,"model2","I T-shaped","exp3"
"169",925,925,-0.0423196827930358,0.0112462743236341,928.762995777553,147.446881419099,4,"model2","I T-shaped","exp3"
"170",925,925,-0.26788619301229,0.00776561368994158,959.496461414153,213.534711204004,5,"model2","I T-shaped","exp3"
"171",925,925,1.07591250967912,0.0145726486806828,851.169049068936,113.790438028033,6,"model2","I T-shaped","exp3"
"172",925,925,-1.21596554568268,0.00975537300762585,1049.64572546146,169.981001783046,7,"model2","I T-shaped","exp3"
"173",925,925,0.21213406684698,0.0127753322206631,908.395025414379,129.799213669096,8,"model2","I T-shaped","exp3"
"174",925,925,1.36006541906933,0.0113001810581989,804.642156876545,146.743496238089,9,"model2","I T-shaped","exp3"
"175",925,925,0.241580268084011,0.0104841225992138,901.957512104816,158.165651051036,10,"model2","I T-shaped","exp3"
"176",925,925,0.928481563711913,0.00738903321537141,799.343295442171,224.417461428366,11,"model2","I T-shaped","exp3"
"177",925,925,2.25350984341148,0.0103439400508252,707.142023992907,160.309134474465,12,"model2","I T-shaped","exp3"
"178",925,925,3.2106582251314,0.0147496904137949,707.323687137963,112.424602149795,13,"model2","I T-shaped","exp3"
"179",925,925,1.42497817157381,0.00677084311756824,714.541989552758,244.907177409109,14,"model2","I T-shaped","exp3"
"180",925,925,0.688312366966862,0.0145031227303327,877.540402521225,114.335933539017,15,"model2","I T-shaped","exp3"
"181",888.285714285714,888.285714285714,-0.999549328833909,0.00852331587664619,1005.55806970465,194.551991337909,1,"model3","PS","exp1"
"182",888.285714285714,888.285714285714,-0.697673521836508,0.00765898629389851,979.37786343766,216.507513262499,2,"model3","PS","exp1"
"183",888.285714285714,888.285714285714,0.817415132507306,0.00593408079424359,750.5364720947,279.441439053562,3,"model3","PS","exp1"
"184",888.285714285714,888.285714285714,2.14713412911185,0.00903812607716957,650.721631777998,183.470341356738,4,"model3","PS","exp1"
"185",888.285714285714,888.285714285714,1.80704989282669,0.00678921218134391,622.120827321025,244.244550370687,5,"model3","PS","exp1"
"186",888.285714285714,888.285714285714,0.180166212599575,0.00652394009737237,860.669548301582,254.175858737791,6,"model3","PS","exp1"
"187",888.285714285714,888.285714285714,0.423879689635945,0.00786919941477964,834.420045455435,210.723860103114,7,"model3","PS","exp1"
"188",888.285714285714,888.285714285714,0.48323414245666,0.00878700130884586,833.291510293712,188.713762331433,8,"model3","PS","exp1"
"189",888.285714285714,888.285714285714,0.822024621475956,0.00872037779007009,794.020919655831,190.15553184998,9,"model3","PS","exp1"
"190",888.285714285714,888.285714285714,1.67540304698663,0.0106561853616965,731.062187280558,155.611789802757,10,"model3","PS","exp1"
"191",888.285714285714,888.285714285714,3.04997947099076,0.00879017082118926,541.309582304457,188.645716941731,11,"model3","PS","exp1"
"192",888.285714285714,888.285714285714,2.75963211345829,0.0138249832389917,688.673746173154,119.944310089773,12,"model3","PS","exp1"
"193",888.285714285714,888.285714285714,0.282028183218158,0.0116379517463745,864.05222463355,142.484529300451,13,"model3","PS","exp1"
"194",888.285714285714,888.285714285714,1.58655222119597,0.00915953904051688,715.072606707056,181.038376414842,14,"model3","PS","exp1"
"195",888.285714285714,888.285714285714,-0.327694259953952,0.0113301667172036,917.207994789882,146.355134747108,15,"model3","PS","exp1"
"196",1112,1112,-0.999549328833909,0.00852331587664619,1229.27235541894,194.551991337909,1,"model3","NS","exp1"
"197",1112,1112,-0.697673521836508,0.00765898629389851,1203.09214915195,216.507513262499,2,"model3","NS","exp1"
"198",1112,1112,0.817415132507306,0.00593408079424359,974.250757808986,279.441439053562,3,"model3","NS","exp1"
"199",1112,1112,2.14713412911185,0.00903812607716957,874.435917492284,183.470341356738,4,"model3","NS","exp1"
"200",1112,1112,1.80704989282669,0.00678921218134391,845.835113035311,244.244550370687,5,"model3","NS","exp1"
"201",1112,1112,0.180166212599575,0.00652394009737237,1084.38383401587,254.175858737791,6,"model3","NS","exp1"
"202",1112,1112,0.423879689635945,0.00786919941477964,1058.13433116972,210.723860103114,7,"model3","NS","exp1"
"203",1112,1112,0.48323414245666,0.00878700130884586,1057.005796008,188.713762331433,8,"model3","NS","exp1"
"204",1112,1112,0.822024621475956,0.00872037779007009,1017.73520537012,190.15553184998,9,"model3","NS","exp1"
"205",1112,1112,1.67540304698663,0.0106561853616965,954.776472994844,155.611789802757,10,"model3","NS","exp1"
"206",1112,1112,3.04997947099076,0.00879017082118926,765.023868018743,188.645716941731,11,"model3","NS","exp1"
"207",1112,1112,2.75963211345829,0.0138249832389917,912.38803188744,119.944310089773,12,"model3","NS","exp1"
"208",1112,1112,0.282028183218158,0.0116379517463745,1087.76651034784,142.484529300451,13,"model3","NS","exp1"
"209",1112,1112,1.58655222119597,0.00915953904051688,938.786892421341,181.038376414842,14,"model3","NS","exp1"
"210",1112,1112,-0.327694259953952,0.0113301667172036,1140.92228050417,146.355134747108,15,"model3","NS","exp1"
"211",800,800,1.34567372611648,0.0100161526073158,665.649638251957,165.555392535889,1,"model3","DF","exp2"
"212",800,800,1.62948073309067,0.00854042132577468,609.203706593145,194.16232681625,2,"model3","DF","exp2"
"213",800,800,1.11231836869432,0.00795067142803265,660.097555437585,208.564533399898,3,"model3","DF","exp2"
"214",800,800,0.581395404071966,0.0119122748462932,751.193587154944,139.203309023678,4,"model3","DF","exp2"
"215",800,800,-0.0763725908597961,0.00794485304386445,809.612838706787,208.717274875729,5,"model3","DF","exp2"
"216",800,800,-2.04937502244589,0.00758367799705739,1070.23497348399,218.657500654294,6,"model3","DF","exp2"
"217",800,800,0.643358386904572,0.00961015508457449,733.054317933199,172.549564706318,7,"model3","DF","exp2"
"218",800,800,1.26255676245558,0.00796910759949575,641.56861396432,208.082028746664,8,"model3","DF","exp2"
"219",800,800,1.38241416541128,0.0091128828867457,648.301115838772,181.965257011626,9,"model3","DF","exp2"
"220",800,800,0.694864375247995,0.00250064204739815,522.125613311597,663.120928614661,10,"model3","DF","exp2"
"221",800,800,0.478658421030602,0.00781731925851533,738.769493070249,212.122342937093,11,"model3","DF","exp2"
"222",800,800,0.488746698663036,0.0116529283287085,758.058036153973,142.30140526294,12,"model3","DF","exp2"
"223",800,800,0.0264654088981097,0.00896317598506961,797.047317943752,185.00452064823,13,"model3","DF","exp2"
"224",800,800,1.59198441481697,0.00981693895254013,637.832910797001,168.914983032921,14,"model3","DF","exp2"
"225",800,800,-0.0136639857450309,0.00971667037258222,801.406241564352,170.658056002661,15,"model3","DF","exp2"
"226",1200,1200,1.34567372611648,0.0100161526073158,1065.64963825196,165.555392535889,1,"model3","AF","exp2"
"227",1200,1200,1.62948073309067,0.00854042132577468,1009.20370659315,194.16232681625,2,"model3","AF","exp2"
"228",1200,1200,1.11231836869432,0.00795067142803265,1060.09755543758,208.564533399898,3,"model3","AF","exp2"
"229",1200,1200,0.581395404071966,0.0119122748462932,1151.19358715494,139.203309023678,4,"model3","AF","exp2"
"230",1200,1200,-0.0763725908597961,0.00794485304386445,1209.61283870679,208.717274875729,5,"model3","AF","exp2"
"231",1200,1200,-2.04937502244589,0.00758367799705739,1470.23497348399,218.657500654294,6,"model3","AF","exp2"
"232",1200,1200,0.643358386904572,0.00961015508457449,1133.0543179332,172.549564706318,7,"model3","AF","exp2"
"233",1200,1200,1.26255676245558,0.00796910759949575,1041.56861396432,208.082028746664,8,"model3","AF","exp2"
"234",1200,1200,1.38241416541128,0.0091128828867457,1048.30111583877,181.965257011626,9,"model3","AF","exp2"
"235",1200,1200,0.694864375247995,0.00250064204739815,922.125613311597,663.120928614661,10,"model3","AF","exp2"
"236",1200,1200,0.478658421030602,0.00781731925851533,1138.76949307025,212.122342937093,11,"model3","AF","exp2"
"237",1200,1200,0.488746698663036,0.0116529283287085,1158.05803615397,142.30140526294,12,"model3","AF","exp2"
"238",1200,1200,0.0264654088981097,0.00896317598506961,1197.04731794375,185.00452064823,13,"model3","AF","exp2"
"239",1200,1200,1.59198441481697,0.00981693895254013,1037.832910797,168.914983032921,14,"model3","AF","exp2"
"240",1200,1200,-0.0136639857450309,0.00971667037258222,1201.40624156435,170.658056002661,15,"model3","AF","exp2"
"241",925,925,-0.041632785335455,0.0171666120549155,927.425218511508,96.596117585631,1,"model3","U-shaped","exp3"
"242",925,925,0.68529110373279,0.00910261356292275,849.714907537748,182.170545320952,2,"model3","U-shaped","exp3"
"243",925,925,0.695978901904087,0.0105035244803253,858.73853669711,157.873490913421,3,"model3","U-shaped","exp3"
"244",925,925,-0.0423196827930358,0.0112462743236341,928.762995777553,147.446881419099,4,"model3","U-shaped","exp3"
"245",925,925,-0.26788619301229,0.00776561368994158,959.496461414153,213.534711204004,5,"model3","U-shaped","exp3"
"246",925,925,1.07591250967912,0.0145726486806828,851.169049068936,113.790438028033,6,"model3","U-shaped","exp3"
"247",925,925,-1.21596554568268,0.00975537300762585,1049.64572546146,169.981001783046,7,"model3","U-shaped","exp3"
"248",925,925,0.21213406684698,0.0127753322206631,908.395025414379,129.799213669096,8,"model3","U-shaped","exp3"
"249",925,925,1.36006541906933,0.0113001810581989,804.642156876545,146.743496238089,9,"model3","U-shaped","exp3"
"250",925,925,0.241580268084011,0.0104841225992138,901.957512104816,158.165651051036,10,"model3","U-shaped","exp3"
"251",925,925,0.928481563711913,0.00738903321537141,799.343295442171,224.417461428366,11,"model3","U-shaped","exp3"
"252",925,925,2.25350984341148,0.0103439400508252,707.142023992907,160.309134474465,12,"model3","U-shaped","exp3"
"253",925,925,3.2106582251314,0.0147496904137949,707.323687137963,112.424602149795,13,"model3","U-shaped","exp3"
"254",925,925,1.42497817157381,0.00677084311756824,714.541989552758,244.907177409109,14,"model3","U-shaped","exp3"
"255",925,925,0.688312366966862,0.0145031227303327,877.540402521225,114.335933539017,15,"model3","U-shaped","exp3"
"256",925,925,-0.041632785335455,0.0171666120549155,927.425218511508,96.596117585631,1,"model3","I T-shaped","exp3"
"257",925,925,0.68529110373279,0.00910261356292275,849.714907537748,182.170545320952,2,"model3","I T-shaped","exp3"
"258",925,925,0.695978901904087,0.0105035244803253,858.73853669711,157.873490913421,3,"model3","I T-shaped","exp3"
"259",925,925,-0.0423196827930358,0.0112462743236341,928.762995777553,147.446881419099,4,"model3","I T-shaped","exp3"
"260",925,925,-0.26788619301229,0.00776561368994158,959.496461414153,213.534711204004,5,"model3","I T-shaped","exp3"
"261",925,925,1.07591250967912,0.0145726486806828,851.169049068936,113.790438028033,6,"model3","I T-shaped","exp3"
"262",925,925,-1.21596554568268,0.00975537300762585,1049.64572546146,169.981001783046,7,"model3","I T-shaped","exp3"
"263",925,925,0.21213406684698,0.0127753322206631,908.395025414379,129.799213669096,8,"model3","I T-shaped","exp3"
"264",925,925,1.36006541906933,0.0113001810581989,804.642156876545,146.743496238089,9,"model3","I T-shaped","exp3"
"265",925,925,0.241580268084011,0.0104841225992138,901.957512104816,158.165651051036,10,"model3","I T-shaped","exp3"
"266",925,925,0.928481563711913,0.00738903321537141,799.343295442171,224.417461428366,11,"model3","I T-shaped","exp3"
"267",925,925,2.25350984341148,0.0103439400508252,707.142023992907,160.309134474465,12,"model3","I T-shaped","exp3"
"268",925,925,3.2106582251314,0.0147496904137949,707.323687137963,112.424602149795,13,"model3","I T-shaped","exp3"
"269",925,925,1.42497817157381,0.00677084311756824,714.541989552758,244.907177409109,14,"model3","I T-shaped","exp3"
"270",925,925,0.688312366966862,0.0145031227303327,877.540402521225,114.335933539017,15,"model3","I T-shaped","exp3"
"271",888.285714285714,1014.81897290628,-0.479894408327842,0.00860971110133364,1070.55770823429,192.599735006982,1,"model4","PS","exp1"
"272",888.285714285714,987.937185566318,-0.226131247218196,0.00750436364006916,1018.07048641155,220.968513272666,2,"model4","PS","exp1"
"273",888.285714285714,944.713038340961,0.846267048268185,0.00591389966122727,801.61506631812,280.395030621709,3,"model4","PS","exp1"
"274",888.285714285714,873.175923467872,1.70534673455773,0.00887288566935966,680.978390657691,186.887123129493,4,"model4","PS","exp1"
"275",888.285714285714,898.474810108282,1.74360739175359,0.00685358976110929,644.066908186913,241.950296764646,5,"model4","PS","exp1"
"276",888.285714285714,1032.21290411787,0.402377976093247,0.0066705952343524,971.891754062015,248.587722436515,6,"model4","PS","exp1"
"277",888.285714285714,976.507561210755,0.583078852512451,0.00787007206196604,902.419440044709,210.700494677464,7,"model4","PS","exp1"
"278",888.285714285714,920.856932050921,0.621289586583551,0.00850194907452754,847.780796080526,195.040932622345,8,"model4","PS","exp1"
"279",888.285714285714,1011.68168698139,0.997569528799017,0.0100401016960623,912.323178572035,165.16048609885,9,"model4","PS","exp1"
"280",888.285714285714,900.269302513784,1.47536535920268,0.0103792057395295,758.123034655954,159.764448091449,10,"model4","PS","exp1"
"281",888.285714285714,904.903593958714,2.96412055898364,0.0101210468842334,612.03660175051,163.83958058595,11,"model4","PS","exp1"
"282",888.285714285714,842.599842756956,1.72809195839626,0.0136581338540267,716.075093705183,121.409564024345,12,"model4","PS","exp1"
"283",888.285714285714,973.594320281108,0.613645872740657,0.0118455019942917,921.790194712064,139.987995224062,13,"model4","PS","exp1"
"284",888.285714285714,952.394414924831,1.47155642073039,0.0090794082170599,790.318166611049,182.636140699983,14,"model4","PS","exp1"
"285",888.285714285714,947.397395026888,0.292746270043019,0.011268117975915,921.417344882867,147.161050332265,15,"model4","PS","exp1"
"286",1112,1127.28457079418,-0.479894408327842,0.00860971110133364,1183.02330612219,192.599735006982,1,"model4","NS","exp1"
"287",1112,1103.42255610141,-0.226131247218196,0.00750436364006916,1133.55585694663,220.968513272666,2,"model4","NS","exp1"
"288",1112,1049.04559457428,0.846267048268185,0.00591389966122727,905.94762255144,280.395030621709,3,"model4","NS","exp1"
"289",1112,1031.1075427734,1.70534673455773,0.00887288566935966,838.910009963216,186.887123129493,4,"model4","NS","exp1"
"290",1112,1037.75398951909,1.74360739175359,0.00685358976110929,783.346087597717,241.950296764646,5,"model4","NS","exp1"
"291",1112,1020.04854355498,0.402377976093247,0.0066705952343524,959.727393499129,248.587722436515,6,"model4","NS","exp1"
"292",1112,1052.12655534548,0.583078852512451,0.00787007206196604,978.038434179438,210.700494677464,7,"model4","NS","exp1"
"293",1112,1099.15949020243,0.621289586583551,0.00850194907452754,1026.08335423204,195.040932622345,8,"model4","NS","exp1"
"294",1112,965.375990475278,0.997569528799017,0.0100401016960623,866.017482065919,165.16048609885,9,"model4","NS","exp1"
"295",1112,1021.28958617554,1.47536535920268,0.0103792057395295,879.143318317706,159.764448091449,10,"model4","NS","exp1"
"296",1112,919.924027400209,2.96412055898364,0.0101210468842334,627.057035192005,163.83958058595,11,"model4","NS","exp1"
"297",1112,1026.5978741654,1.72809195839626,0.0136581338540267,900.073125113623,121.409564024345,12,"model4","NS","exp1"
"298",1112,1080.74327331342,0.613645872740657,0.0118455019942917,1028.93914774437,139.987995224062,13,"model4","NS","exp1"
"299",1112,1020.34384040879,1.47155642073039,0.0090794082170599,858.267592095011,182.636140699983,14,"model4","NS","exp1"
"300",1112,1157.67224671102,0.292746270043019,0.011268117975915,1131.692196567,147.161050332265,15,"model4","NS","exp1"
"301",800,866.789919717833,1.15822254423464,0.0125364594394331,774.401590315076,132.272439807655,1,"model4","DF","exp2"
"302",800,845.442869845659,1.1951213809324,0.00914822647022781,714.803189594867,181.262245966484,2,"model4","DF","exp2"
"303",800,913.26371735708,1.03859401720341,0.0114871475498668,822.850147522204,144.355077655702,3,"model4","DF","exp2"
"304",800,869.55865065261,0.51233842960773,0.0131978899283862,830.738927773593,125.643423729197,4,"model4","DF","exp2"
"305",800,1014.84682946265,0.0936468923883158,0.0104997645711228,1005.92787782769,157.930024561133,5,"model4","DF","exp2"
"306",800,998.527781546099,-1.16652437532574,0.00796126202528902,1145.05283895788,208.287087064357,6,"model4","DF","exp2"
"307",800,861.197899565046,0.396677619181394,0.0102739266650661,822.587771995205,161.401587792322,7,"model4","DF","exp2"
"308",800,890.257223906826,1.10786977660096,0.0140847682478358,811.599928514608,117.732010028516,8,"model4","DF","exp2"
"309",800,864.382561212385,1.24998592841455,0.0130022941390412,768.246762787299,127.533499770973,9,"model4","DF","exp2"
"310",800,819.259451436239,0.614044165583043,0.00240589022402109,564.034105137288,689.236798939251,10,"model4","DF","exp2"
"311",800,888.186731372333,0.462589914164502,0.0079287634572926,829.843470578113,209.140818178697,11,"model4","DF","exp2"
"312",800,900.423692476533,0.466402730590038,0.0156340271578082,870.591153113372,106.065318926822,12,"model4","DF","exp2"
"313",800,751.12181838097,0.0645480849848576,0.00979066531318622,744.528999310961,169.368273100931,13,"model4","DF","exp2"
"314",800,837.380579759399,1.18852651473956,0.010436198536039,723.495575498964,158.891963474748,14,"model4","DF","exp2"
"315",800,953.049886024994,0.338939009353007,0.0116667633053631,923.998211581817,142.132657807608,15,"model4","DF","exp2"
"316",1200,1004.83054160105,1.15822254423464,0.0125364594394331,912.442212198291,132.272439807655,1,"model4","AF","exp2"
"317",1200,1026.0728488614,1.1951213809324,0.00914822647022781,895.433168610613,181.262245966484,2,"model4","AF","exp2"
"318",1200,942.290957617727,1.03859401720341,0.0114871475498668,851.877387782851,144.355077655702,3,"model4","AF","exp2"
"319",1200,1114.86931321033,0.51233842960773,0.0131978899283862,1076.04959033131,125.643423729197,4,"model4","AF","exp2"
"320",1200,1044.20056647899,0.0936468923883158,0.0104997645711228,1035.28161484403,157.930024561133,5,"model4","AF","exp2"
"321",1200,1279.04665013744,-1.16652437532574,0.00796126202528902,1425.57170754923,208.287087064357,6,"model4","AF","exp2"
"322",1200,1103.63958768586,0.396677619181394,0.0102739266650661,1065.02946011602,161.401587792322,7,"model4","AF","exp2"
"323",1200,880.279276690875,1.10786977660096,0.0140847682478358,801.621981298657,117.732010028516,8,"model4","AF","exp2"
"324",1200,965.770092950034,1.24998592841455,0.0130022941390412,869.634294524947,127.533499770973,9,"model4","AF","exp2"
"325",1200,1172.03933045401,0.614044165583043,0.00240589022402109,916.813984155062,689.236798939251,10,"model4","AF","exp2"
"326",1200,1096.33258387767,0.462589914164502,0.0079287634572926,1037.98932308345,209.140818178697,11,"model4","AF","exp2"
"327",1200,1080.41225734003,0.466402730590038,0.0156340271578082,1050.57971797687,106.065318926822,12,"model4","AF","exp2"
"328",1200,1276.88743336391,0.0645480849848576,0.00979066531318622,1270.2946142939,169.368273100931,13,"model4","AF","exp2"
"329",1200,1041.34685156285,1.18852651473956,0.010436198536039,927.461847302413,158.891963474748,14,"model4","AF","exp2"
"330",1200,1100.88144391174,0.338939009353007,0.0116667633053631,1071.82976946856,142.132657807608,15,"model4","AF","exp2"
"331",925,963.600266194917,0.663931072607994,0.0178494800081539,926.404164554718,92.9006377690571,1,"model4","U-shaped","exp3"
"332",925,848.583743902354,0.808055807134988,0.010253654772402,769.777130546315,161.720685298153,2,"model4","U-shaped","exp3"
"333",925,1178.222695994,0.439763426896255,0.0154325814765479,1149.72691726997,107.449818367942,3,"model4","U-shaped","exp3"
"334",925,955.732896735312,0.641798078906837,0.0109210104192162,896.965616578016,151.838338482469,4,"model4","U-shaped","exp3"
"335",925,924.78984562793,0.323149440248268,0.0076442296169321,882.51620178912,216.925466620015,5,"model4","U-shaped","exp3"
"336",925,814.81278422149,0.802312926640343,0.0165533968236599,766.344609671745,100.174489518273,6,"model4","U-shaped","exp3"
"337",925,920.190685782406,0.371830045671575,0.00934402990689265,880.39735791674,177.463909376011,7,"model4","U-shaped","exp3"
"338",925,847.129954672666,0.825895981973961,0.0143706482904801,789.658923075498,115.38992835153,8,"model4","U-shaped","exp3"
"339",925,806.119495751722,0.856448267813683,0.0130897809212616,740.690725555686,126.681117627422,9,"model4","U-shaped","exp3"
"340",925,1017.18650859968,0.546200614383958,0.0107316019073677,966.290042340622,154.518224857473,10,"model4","U-shaped","exp3"
"341",925,891.404912265268,0.848829185405179,0.00768122575475715,780.897916050571,215.880658835806,11,"model4","U-shaped","exp3"
"342",925,874.757587679659,1.10063395263905,0.00943486936979296,758.101605545674,175.755276688046,12,"model4","U-shaped","exp3"
"343",925,946.798297807995,0.875716470866825,0.0135374230041163,882.109732591369,122.492152021793,13,"model4","U-shaped","exp3"
"344",925,953.901138188441,1.02781266806526,0.00610406525825305,785.519473743488,271.659624602065,14,"model4","U-shaped","exp3"
"345",925,925.493354675722,0.692274828183405,0.0143543327102557,877.265767775162,115.521084126661,15,"model4","U-shaped","exp3"
"346",925,961.66737778601,0.663931072607994,0.0178494800081539,924.471276145811,92.9006377690571,1,"model4","I T-shaped","exp3"
"347",925,937.05132659687,0.808055807134988,0.010253654772402,858.244713240831,161.720685298153,2,"model4","I T-shaped","exp3"
"348",925,866.480051782128,0.439763426896255,0.0154325814765479,837.984273058099,107.449818367942,3,"model4","I T-shaped","exp3"
"349",925,983.716978995967,0.641798078906837,0.0109210104192162,924.94969883867,151.838338482469,4,"model4","I T-shaped","exp3"
"350",925,1037.3541071211,0.323149440248268,0.0076442296169321,995.080463282286,216.925466620015,5,"model4","I T-shaped","exp3"
"351",925,918.234328376974,0.802312926640343,0.0165533968236599,869.766153827229,100.174489518273,6,"model4","I T-shaped","exp3"
"352",925,1050.53997255423,0.371830045671575,0.00934402990689265,1010.74664468857,177.463909376011,7,"model4","I T-shaped","exp3"
"353",925,978.708196369691,0.825895981973961,0.0143706482904801,921.237164772524,115.38992835153,8,"model4","I T-shaped","exp3"
"354",925,905.311397832757,0.856448267813683,0.0130897809212616,839.882627636721,126.681117627422,9,"model4","I T-shaped","exp3"
"355",925,931.673227317768,0.546200614383958,0.0107316019073677,880.776761058713,154.518224857473,10,"model4","I T-shaped","exp3"
"356",925,909.307572994506,0.848829185405179,0.00768122575475715,798.800576779809,215.880658835806,11,"model4","I T-shaped","exp3"
"357",925,807.551470920259,1.10063395263905,0.00943486936979296,690.895488786274,175.755276688046,12,"model4","I T-shaped","exp3"
"358",925,728.725855105612,0.875716470866825,0.0135374230041163,664.037289888987,122.492152021793,13,"model4","I T-shaped","exp3"
"359",925,855.424994162119,1.02781266806526,0.00610406525825305,687.043329717165,271.659624602065,14,"model4","I T-shaped","exp3"
"360",925,930.070149471439,0.692274828183405,0.0143543327102557,881.842562570879,115.521084126661,15,"model4","I T-shaped","exp3"
"361",888.285714285714,894.538361528868,0.134160028022082,0.00860913746174589,878.954915612455,192.612568212757,1,"model5","PS","exp1"
"362",888.285714285714,1031.10555146172,0.101870774726772,0.0105191888934053,1021.42127107099,157.638397162267,2,"model5","PS","exp1"
"363",888.285714285714,888.331473162559,0.424791792348678,0.0061459015609228,819.213575952879,269.810386672472,3,"model5","PS","exp1"
"364",888.285714285714,718.578229339748,0.623213547324919,0.0108134695552492,660.945150137857,153.348383525857,4,"model5","PS","exp1"
"365",888.285714285714,881.600211307681,1.64850211643792,0.00796910061561112,674.738459153545,208.082211103614,5,"model5","PS","exp1"
"366",888.285714285714,893.891121723726,-0.543760650693926,0.00634712714601735,979.561479065649,261.256476899793,6,"model5","PS","exp1"
"367",888.285714285714,892.413820317881,-0.0283365967422831,0.00820074638005715,895.869188333064,202.204531118785,7,"model5","PS","exp1"
"368",888.285714285714,889.240298905988,0.270625890233473,0.00828440367053894,856.573386356099,200.162636026602,8,"model5","PS","exp1"
"369",888.285714285714,894.071777918304,-0.0777410537360108,0.00970614169068732,902.081248232405,170.843176356527,9,"model5","PS","exp1"
"370",888.285714285714,884.405110799684,0.52219350002457,0.0109335388547955,836.644407978791,151.664351188199,10,"model5","PS","exp1"
"371",888.285714285714,677.268747419851,0.533346829666207,0.0108918084147132,628.301045330478,152.245431930616,11,"model5","PS","exp1"
"372",888.285714285714,738.719762746991,0.5079708643299,0.0139983076403826,702.431742982052,118.459182295712,12,"model5","PS","exp1"
"373",888.285714285714,935.169090817139,0.13396025053881,0.0132855217493303,925.08591508145,124.814674793417,13,"model5","PS","exp1"
"374",888.285714285714,885.778299016811,0.636153247257017,0.00895810994342496,814.764072659393,185.109145464399,14,"model5","PS","exp1"
"375",888.285714285714,943.477241924148,0.236085588020425,0.0138981893476069,926.49045450057,119.312525907489,15,"model5","PS","exp1"
"376",1112,1113.19384503012,-0.422524309370846,0.00851900322922745,1162.79170266694,194.650481046233,1,"model5","NS","exp1"
"377",1112,1112.43456930486,-0.155432518249039,0.00617523530633535,1137.60486817421,268.528727140536,2,"model5","NS","exp1"
"378",1112,1112.21339417107,1.31277782680074,0.00581334553826692,886.391994400618,285.24505651489,3,"model5","NS","exp1"
"379",1112,1110.71860145672,2.07301068176031,0.00764879378337299,839.694079097831,216.796023473427,4,"model5","NS","exp1"
"380",1112,1111.68974451627,2.04919797958296,0.00614902157696489,778.433802260425,269.673484772844,5,"model5","NS","exp1"
"381",1112,1112.4853514959,1.10140159757198,0.00738304815882377,963.305558288723,224.599385095669,6,"model5","NS","exp1"
"382",1112,1112.83356619371,1.06152165255278,0.00757765643617311,972.747820489345,218.831256150348,7,"model5","NS","exp1"
"383",1112,1112.79859625528,0.832176549868221,0.00890519461282548,1019.35015564852,186.20907781345,8,"model5","NS","exp1"
"384",1112,1111.26804975373,2.35989136918507,0.00978163034661592,870.010581871446,169.524712940846,9,"model5","NS","exp1"
"385",1112,1111.04285595957,1.9259116511665,0.00946249885557616,907.511877455775,175.242090055985,10,"model5","NS","exp1"
"386",1112,1106.84877604985,3.93517182046285,0.00876350975261765,657.80815972744,189.219630423555,11,"model5","NS","exp1"
"387",1112,1109.90302710176,2.56485356230803,0.0114573477671386,886.042006694893,144.730535400137,12,"model5","NS","exp1"
"388",1112,1112.95987904879,0.949412129194584,0.0103633831293452,1021.34769822473,160.008373318559,13,"model5","NS","exp1"
"389",1112,1111.28583872132,2.27521432375299,0.00908157790026138,860.755110609913,182.592507030723,14,"model5","NS","exp1"
"390",1112,1113.7745517311,-0.00683316233991116,0.00925655276679246,1114.51274903976,179.140995398672,15,"model5","NS","exp1"
"391",800,799.234385497932,0.235140861683408,0.0134078743697975,781.696865739164,123.675687202055,1,"model5","DF","exp2"
"392",800,799.866340370914,1.01204868664968,0.0105291381767858,703.747487179206,157.48944013856,2,"model5","DF","exp2"
"393",800,800.211473906391,-0.258071134403962,0.0162168590502171,816.125229683932,102.25334458841,3,"model5","DF","exp2"
"394",800,799.740174625077,-0.340533355130935,0.0176841567068319,818.996583668284,93.7691349434215,4,"model5","DF","exp2"
"395",800,801.516232742653,-2.12062425879694,0.0113464335810159,988.41410189733,146.145312072154,5,"model5","DF","exp2"
"396",800,801.209726307835,-2.97219055218718,0.00871729203280485,1142.16314865531,190.22284332833,6,"model5","DF","exp2"
"397",800,799.710538099202,-0.186834781201592,0.014089165602536,812.971421424185,117.695264814337,7,"model5","DF","exp2"
"398",800,799.650333719779,-0.234302706787261,0.0143647292842338,815.961306391184,115.437474928507,8,"model5","DF","exp2"
"399",800,799.417763748455,0.139404824094009,0.013300054941369,788.936241325536,124.678287714866,9,"model5","DF","exp2"
"400",800,799.752885777327,0.634371504098785,0.00283644159963126,576.102413234105,584.615624315729,10,"model5","DF","exp2"
"401",800,799.516183122517,-0.269325127954041,0.0094344699807555,828.063110348256,175.762716929091,11,"model5","DF","exp2"
"402",800,800.492216241781,-0.970319692679342,0.0164091685255251,859.624992602142,101.054972652885,12,"model5","DF","exp2"
"403",800,799.714250943711,0.49611698275468,0.00963636593438591,748.230425388232,172.080231063704,13,"model5","DF","exp2"
"404",800,798.500684495835,1.17531306906868,0.0136752602820963,712.556209229986,121.257514840466,14,"model5","DF","exp2"
"405",800,800.563978172734,-1.58551152445846,0.0125900685244656,926.497488492986,131.709217736281,15,"model5","DF","exp2"
"406",1200,1199.17989683312,3.41370980481447,0.0120193907259714,915.163020882984,137.962739909973,1,"model5","AF","exp2"
"407",1200,1198.5297212525,2.68734761423016,0.00826093159255764,873.221663181762,200.731365224892,2,"model5","AF","exp2"
"408",1200,1200.57222116212,3.19996380929384,0.0086354994923492,830.013018173465,192.024569982625,3,"model5","AF","exp2"
"409",1200,1200.38120075469,1.43521326896634,0.0105314659436299,1064.10261649601,157.454630293566,4,"model5","AF","exp2"
"410",1200,1199.75868926824,1.83325257948462,0.0101181902390968,1018.57484747794,163.88583703399,5,"model5","AF","exp2"
"411",1200,1200.37237131086,-1.40846733693306,0.00733543946506673,1392.38095425133,226.057086899898,6,"model5","AF","exp2"
"412",1200,1200.03276056184,1.48854508105827,0.008239430352597,1019.37159621459,201.255184599124,7,"model5","AF","exp2"
"413",1200,1198.46819517065,4.81450393949494,0.0122909499979062,806.756900249177,134.914557205587,8,"model5","AF","exp2"
"414",1200,1198.55671698614,3.99114602013752,0.0121843692816318,870.993925028227,136.094699551116,9,"model5","AF","exp2"
"415",1200,1199.75921595403,0.73749427700984,0.0022674774058188,874.510428417151,731.309636139345,10,"model5","AF","exp2"
"416",1200,1199.79291436009,1.2111540141161,0.00721826749711172,1032.00278818359,229.726603685309,11,"model5","AF","exp2"
"417",1200,1199.6292225662,2.2339448829412,0.0135546397329593,1034.81887519052,122.336565875034,12,"model5","AF","exp2"
"418",1200,1200.58194614594,-0.482384134886189,0.0102349222511501,1247.71314294932,162.016675448336,13,"model5","AF","exp2"
"419",1200,1200.36830674072,2.29063116047555,0.00808509397805182,917.052965361408,205.096945206207,14,"model5","AF","exp2"
"420",1200,1201.29974203799,1.40049420429986,0.0110981791836828,1075.10839288777,149.414426381001,15,"model5","AF","exp2"
"421",925,973.351213280614,0.533165178845792,0.012823684574467,931.774615248301,129.309799143469,1,"model5","U-shaped","exp3"
"422",925,861.031589885641,0.676416527428461,0.00874083675937232,783.645803370045,189.710450183789,2,"model5","U-shaped","exp3"
"423",925,1179.81924489202,0.501913700999888,0.0126186452000579,1140.04368317026,131.410943909883,3,"model5","U-shaped","exp3"
"424",925,940.739139354894,0.583140838742322,0.00953269478314864,879.566422509584,173.951659454665,4,"model5","U-shaped","exp3"
"425",925,930.270701075263,0.492588059400052,0.00813452827939944,869.715492158291,203.850551580596,5,"model5","U-shaped","exp3"
"426",925,811.210214921661,0.647478995295864,0.0141251300155285,765.371415945364,117.395597405514,6,"model5","U-shaped","exp3"
"427",925,985.169423948217,0.500742075666608,0.00839562434135738,925.526203229071,197.510990151738,7,"model5","U-shaped","exp3"
"428",925,848.556507542271,0.724643627244981,0.0119761619001145,788.049340614438,138.460726435877,8,"model5","U-shaped","exp3"
"429",925,798.179899678444,0.665504633517596,0.0115053967827187,740.337076342078,144.126109504908,9,"model5","U-shaped","exp3"
"430",925,1010.56337338854,0.51702752104523,0.00914778720132606,954.043964960422,181.270950024193,10,"model5","U-shaped","exp3"
"431",925,891.5997463662,0.672096562993763,0.0072458226614952,798.843327337988,228.85297557936,11,"model5","U-shaped","exp3"
"432",925,842.76027902396,0.792907527856861,0.0092091415619595,756.660231313525,180.063262731592,12,"model5","U-shaped","exp3"
"433",925,923.208096374609,0.645474917929812,0.010691632586388,862.836126732518,155.095871767488,13,"model5","U-shaped","exp3"
"434",925,921.231071642165,0.661588233093973,0.00524795263079647,795.165102751443,315.97618981402,14,"model5","U-shaped","exp3"
"435",925,921.883277712077,0.569569595504654,0.0119700901488528,874.300545383262,138.530959749076,15,"model5","U-shaped","exp3"
"436",925,931.116944460322,0.107445972020121,0.0180864773566113,925.176264586535,91.683308137247,1,"model5","I T-shaped","exp3"
"437",925,924.570622651083,0.73256269014399,0.0128316016842046,867.48011219316,129.230014881522,2,"model5","I T-shaped","exp3"
"438",925,921.651208816155,1.18935225233912,0.0164956194837409,849.550112309206,100.525359368163,3,"model5","I T-shaped","exp3"
"439",925,927.933192167083,-0.00377336883024038,0.0136019658710606,928.210605657604,121.910912902051,4,"model5","I T-shaped","exp3"
"440",925,927.997375708909,-0.338987567250863,0.00784801115393616,971.191448780638,211.292777759605,5,"model5","I T-shaped","exp3"
"441",925,923.595456687929,0.877166625134363,0.0163333697976582,869.891497492679,101.523941302136,6,"model5","I T-shaped","exp3"
"442",925,932.831017182056,-1.29694017270483,0.0121481375636,1039.59142929584,136.50060084701,7,"model5","I T-shaped","exp3"
"443",925,930.698133760132,0.399577610689283,0.0158181612367159,905.437447343444,104.83064698788,8,"model5","I T-shaped","exp3"
"444",925,922.422307102305,1.23036983295327,0.0143321391361618,836.575398886846,115.699970594035,9,"model5","I T-shaped","exp3"
"445",925,926.105995709194,0.448259513211199,0.0133729518285912,892.586132708355,123.998657727777,10,"model5","I T-shaped","exp3"
"446",925,924.873612769297,0.92831275816052,0.00898355332122009,821.538916022104,184.584876085349,11,"model5","I T-shaped","exp3"
"447",925,920.411384585027,2.29059507603854,0.0107909112060514,708.140610384419,153.668957601432,12,"model5","I T-shaped","exp3"
"448",925,758.789500433134,1.2458346325035,0.0167317227177702,684.330064694318,99.1068346382757,13,"model5","I T-shaped","exp3"
"449",925,920.869166644914,1.69773621206231,0.0118824351475297,777.991365000421,139.552882554404,14,"model5","I T-shaped","exp3"
"450",925,925.351826066534,0.7450293737711,0.0147288492848132,874.768826718493,112.583681490537,15,"model5","I T-shaped","exp3"
